model,requested_model,provider,transport,arm,task,tier,replicate,status,cir_accepted,code_accepted,accepted,accepted_with_proof,first_cir_pass_round,first_code_accept_round,cir_repairs,code_repairs,first_accept_total_candidate_rounds,failure_stage,failure_detail,calls,calls_usage_unknown,input_tokens,output_tokens,total_tokens,latency_ms,error
Qwen,qwen3.8-flash,qwen,dashscope-direct,G3,atomic-data/atomic_lost_update,Medium,0,generation_failed,True,False,False,False,1,,0,,,code,mapping_ambiguous,4,0,11155,2377,13532,29793,
Qwen,qwen3.8-flash,qwen,dashscope-direct,G3,atomic-data/bounded_counter_invariant,Simple,0,accepted,True,True,True,False,1,1,0,0,2,,,2,0,5163,960,6123,15164,
Qwen,qwen3.8-flash,qwen,dashscope-direct,G3,atomic-data/counter_overflow_safety,Simple,0,accepted,True,True,True,False,1,1,0,0,2,,,2,0,5279,1075,6354,14492,
Qwen,qwen3.8-flash,qwen,dashscope-direct,G3,channel/bounded_backpressure_lock_held,Medium,0,accepted,True,True,True,False,1,2,0,1,3,,,3,0,7882,1769,9651,22638,
Qwen,qwen3.8-flash,qwen,dashscope-direct,G3,channel/rendezvous_both_send,Simple,0,accepted,True,True,True,False,1,1,0,0,2,,,2,0,4845,673,5518,9413,
Qwen,qwen3.8-flash,qwen,dashscope-direct,G3,channel/send_while_holding_mutex,Simple,0,accepted,True,True,True,False,1,2,0,1,3,,,3,0,6966,1226,8192,16783,
Qwen,qwen3.8-flash,qwen,dashscope-direct,G3,condvar/bare_wait_no_predicate,Complex,0,accepted,True,True,True,False,1,2,0,1,3,,,3,0,7658,1367,9025,19437,
Qwen,qwen3.8-flash,qwen,dashscope-direct,G3,condvar/lost_wakeup_notify_before_wait,Complex,0,generation_failed,True,False,False,False,1,,0,,,code,mapping_ambiguous,4,0,10097,1712,11809,25812,
Qwen,qwen3.8-flash,qwen,dashscope-direct,G3,condvar/notify_one_multi_waiter_wrong_pick,Complex,0,generation_failed,True,False,False,False,2,,1,,,code,source_build_failed,5,0,21106,9563,30669,128150,
Qwen,qwen3.8-flash,qwen,dashscope-direct,G3,condvar/same_cv_different_locks,Complex,0,generation_failed,False,False,False,False,,,,,,cir,generation_failed,4,0,19409,5213,24622,65598,
Qwen,qwen3.8-flash,qwen,dashscope-direct,G3,lock-order/abba_2lock,Medium,0,generation_failed,True,False,False,False,1,,0,,,code,mapping_ambiguous,4,0,9576,1831,11407,22453,
Qwen,qwen3.8-flash,qwen,dashscope-direct,G3,lock-order/cross_module_cycle,Medium,0,generation_failed,False,False,False,False,,,,,,cir,generation_failed,4,0,17477,3642,21119,44381,
Qwen,qwen3.8-flash,qwen,dashscope-direct,G3,lock-order/cycle_3lock,Complex,0,generation_failed,True,False,False,False,2,,1,,,code,mapping_ambiguous,5,0,16717,3029,19746,45262,
Qwen,qwen3.8-flash,qwen,dashscope-direct,G3,lock-order/partial_deadlock_bystander,Complex,0,generation_failed,False,False,False,False,,,,,,cir,generation_failed,4,0,60861,5710,66571,76112,
Qwen,qwen3.8-flash,qwen,dashscope-direct,G3,lock-order/two_independent_cycles,Complex,0,accepted,True,True,True,False,1,1,0,0,2,,,2,0,5920,1409,7329,19835,
Qwen,qwen3.8-flash,qwen,dashscope-direct,G3,semaphore/acquire_twice_no_release,Simple,0,accepted,True,True,True,False,1,1,0,0,2,,,2,0,4945,760,5705,10787,
Qwen,qwen3.8-flash,qwen,dashscope-direct,G3,semaphore/permit_leak,Simple,0,accepted,True,True,True,False,1,3,0,2,4,,,4,0,8520,1173,9693,17547,
Qwen,qwen3.8-flash,qwen,dashscope-direct,G3,semaphore/throttle_n_permits,Medium,0,accepted,True,True,True,False,1,1,0,0,2,,,2,0,5111,1012,6123,14324,
Qwen,qwen3.8-flash,qwen,dashscope-direct,G3,structure/finite_call_loop,Simple,0,accepted,True,True,True,False,1,1,0,0,2,,,2,0,4493,400,4893,6371,
Qwen,qwen3.8-flash,qwen,dashscope-direct,G3,structure/nested_scope_lock_order,Medium,0,accepted,True,True,True,False,1,3,0,2,4,,,4,0,9549,1644,11193,22641,
Qwen,qwen3.8-flash,qwen,dashscope-direct,G3,structure/scope_bound_k_workers,Complex,0,generation_failed,True,False,False,False,1,,0,,,code,mapping_ambiguous,4,0,9190,1558,10748,24128,
Qwen,qwen3.8-flash,qwen,dashscope-direct,G3,structure/scope_worker_abba,Medium,0,accepted,True,True,True,False,2,1,1,0,3,,,3,0,9341,1477,10818,20999,
Qwen,qwen3.8-flash,qwen,dashscope-direct,G3,structure/spawn_join_loop_finite,Simple,0,generation_failed,True,False,False,False,1,,0,,,code,mapping_ambiguous,4,0,7734,755,8489,13077,
Qwen,qwen3.8-flash,qwen,dashscope-direct,G3,structure/worker_with_payload,Medium,0,accepted,True,True,True,False,1,1,0,0,2,,,2,0,5356,1244,6600,16115,
