stage,suite,case,family,config_name,strategy,repeat,raw_outcome,final_classification,evidence_status,stop_reason,truncation,saw_unknown,root_outcome,proposals,unique_programs,verification_calls,cache_hits,states_explored,transitions_explored,nodes,patch_len,accepted_chain_len,exit_code,wall_ms,search_wall_ms,replay_exit,replay_wall_ms,replay_ok,artifact_sha256,artifact_path,reused_from
repair,pilot,c_already_correct,controls,main,a,1,already_satisfied,already_satisfied,complete,already-satisfied,,False,PASS,0,1,1,0,8,,1,0,0,0,7,7,0,2,True,3a86d5c6c92a2c3ae16eff9c14cca2315da5527f5cd3b76dfc18b73ffbeacca3,/Users/kevin/local-repos/ConcIR/experiments/pilot-v2/results/batches/pilot-v2/raw/c_already_correct__main__a__r1/attempt-001/artifact.json,
repair,pilot,c_already_correct,controls,main,a,2,already_satisfied,already_satisfied,complete,already-satisfied,,False,PASS,0,1,1,0,8,,1,0,0,0,7,7,0,2,True,3a86d5c6c92a2c3ae16eff9c14cca2315da5527f5cd3b76dfc18b73ffbeacca3,/Users/kevin/local-repos/ConcIR/experiments/pilot-v2/results/batches/pilot-v2/raw/c_already_correct__main__a__r2/attempt-001/artifact.json,
repair,pilot,c_already_correct,controls,main,a,3,already_satisfied,already_satisfied,complete,already-satisfied,,False,PASS,0,1,1,0,8,,1,0,0,0,7,7,0,3,True,3a86d5c6c92a2c3ae16eff9c14cca2315da5527f5cd3b76dfc18b73ffbeacca3,/Users/kevin/local-repos/ConcIR/experiments/pilot-v2/results/batches/pilot-v2/raw/c_already_correct__main__a__r3/attempt-001/artifact.json,
repair,pilot,c_already_correct,controls,main,b,1,already_satisfied,already_satisfied,complete,already-satisfied,,False,PASS,0,1,1,0,8,,1,0,0,0,6,6,0,2,True,9017f364a20501e5b7cd9e03b760cc86712f336df65006259b4292d207dc1468,/Users/kevin/local-repos/ConcIR/experiments/pilot-v2/results/batches/pilot-v2/raw/c_already_correct__main__b__r1/attempt-001/artifact.json,
repair,pilot,c_already_correct,controls,main,b,2,already_satisfied,already_satisfied,complete,already-satisfied,,False,PASS,0,1,1,0,8,,1,0,0,0,6,6,0,2,True,9017f364a20501e5b7cd9e03b760cc86712f336df65006259b4292d207dc1468,/Users/kevin/local-repos/ConcIR/experiments/pilot-v2/results/batches/pilot-v2/raw/c_already_correct__main__b__r2/attempt-001/artifact.json,
repair,pilot,c_already_correct,controls,main,b,3,already_satisfied,already_satisfied,complete,already-satisfied,,False,PASS,0,1,1,0,8,,1,0,0,0,7,7,0,2,True,9017f364a20501e5b7cd9e03b760cc86712f336df65006259b4292d207dc1468,/Users/kevin/local-repos/ConcIR/experiments/pilot-v2/results/batches/pilot-v2/raw/c_already_correct__main__b__r3/attempt-001/artifact.json,
repair,pilot,c_already_correct,controls,main,c,1,already_satisfied,already_satisfied,complete,already-satisfied,,False,PASS,0,1,1,0,8,,1,0,0,0,7,7,0,2,True,7dea49778858cac9e958c1375dcff03c276598e5a0baf85a0172e557349fd5eb,/Users/kevin/local-repos/ConcIR/experiments/pilot-v2/results/batches/pilot-v2/raw/c_already_correct__main__c__r1/attempt-001/artifact.json,
repair,pilot,c_already_correct,controls,main,c,2,already_satisfied,already_satisfied,complete,already-satisfied,,False,PASS,0,1,1,0,8,,1,0,0,0,7,7,0,3,True,7dea49778858cac9e958c1375dcff03c276598e5a0baf85a0172e557349fd5eb,/Users/kevin/local-repos/ConcIR/experiments/pilot-v2/results/batches/pilot-v2/raw/c_already_correct__main__c__r2/attempt-001/artifact.json,
repair,pilot,c_already_correct,controls,main,c,3,already_satisfied,already_satisfied,complete,already-satisfied,,False,PASS,0,1,1,0,8,,1,0,0,0,7,7,0,2,True,7dea49778858cac9e958c1375dcff03c276598e5a0baf85a0172e557349fd5eb,/Users/kevin/local-repos/ConcIR/experiments/pilot-v2/results/batches/pilot-v2/raw/c_already_correct__main__c__r3/attempt-001/artifact.json,
repair,pilot,c_already_correct,controls,tight,a,1,already_satisfied,already_satisfied,complete,already-satisfied,,False,PASS,0,1,1,0,8,,1,0,0,0,6,6,0,2,True,227c866e961fa64351a9e762a9bb6d6c81dc9d14b7963458870c46cb779635ad,/Users/kevin/local-repos/ConcIR/experiments/pilot-v2/results/batches/pilot-v2/raw/c_already_correct__tight__a__r1/attempt-001/artifact.json,
repair,pilot,c_already_correct,controls,tight,b,1,already_satisfied,already_satisfied,complete,already-satisfied,,False,PASS,0,1,1,0,8,,1,0,0,0,6,6,0,2,True,76cf04bb7477f06dbf007d242316fe4f0089c5fab54ad5d9914fb467886d3183,/Users/kevin/local-repos/ConcIR/experiments/pilot-v2/results/batches/pilot-v2/raw/c_already_correct__tight__b__r1/attempt-001/artifact.json,
repair,pilot,c_already_correct,controls,tight,c,1,already_satisfied,already_satisfied,complete,already-satisfied,,False,PASS,0,1,1,0,8,,1,0,0,0,6,6,0,3,True,b5287c8c77bfa33f6158e620c317855257ee4e7ae16964b929ac4eab064a068a,/Users/kevin/local-repos/ConcIR/experiments/pilot-v2/results/batches/pilot-v2/raw/c_already_correct__tight__c__r1/attempt-001/artifact.json,
repair,pilot,c_bounds_unknown,controls,main,a,1,analysis_unknown,analysis_unknown,complete,root-unknown,,True,UNKNOWN,0,1,1,0,50,,1,0,0,3,8,8,0,4,True,03c1a6248af47226f9f9ebbbb80e425ef4734847119aa1d3eb88a23ccf2346f4,/Users/kevin/local-repos/ConcIR/experiments/pilot-v2/results/batches/pilot-v2/raw/c_bounds_unknown__main__a__r1/attempt-001/artifact.json,
repair,pilot,c_bounds_unknown,controls,main,a,2,analysis_unknown,analysis_unknown,complete,root-unknown,,True,UNKNOWN,0,1,1,0,50,,1,0,0,3,8,8,0,4,True,03c1a6248af47226f9f9ebbbb80e425ef4734847119aa1d3eb88a23ccf2346f4,/Users/kevin/local-repos/ConcIR/experiments/pilot-v2/results/batches/pilot-v2/raw/c_bounds_unknown__main__a__r2/attempt-001/artifact.json,
repair,pilot,c_bounds_unknown,controls,main,a,3,analysis_unknown,analysis_unknown,complete,root-unknown,,True,UNKNOWN,0,1,1,0,50,,1,0,0,3,8,8,0,4,True,03c1a6248af47226f9f9ebbbb80e425ef4734847119aa1d3eb88a23ccf2346f4,/Users/kevin/local-repos/ConcIR/experiments/pilot-v2/results/batches/pilot-v2/raw/c_bounds_unknown__main__a__r3/attempt-001/artifact.json,
repair,pilot,c_bounds_unknown,controls,main,b,1,analysis_unknown,analysis_unknown,complete,root-unknown,,True,UNKNOWN,0,1,1,0,50,,1,0,0,3,8,8,0,4,True,017dea57284023829fe22f973846540cf97fff0904eb47ebfb95797ddb41eb39,/Users/kevin/local-repos/ConcIR/experiments/pilot-v2/results/batches/pilot-v2/raw/c_bounds_unknown__main__b__r1/attempt-001/artifact.json,
repair,pilot,c_bounds_unknown,controls,main,b,2,analysis_unknown,analysis_unknown,complete,root-unknown,,True,UNKNOWN,0,1,1,0,50,,1,0,0,3,7,7,0,4,True,017dea57284023829fe22f973846540cf97fff0904eb47ebfb95797ddb41eb39,/Users/kevin/local-repos/ConcIR/experiments/pilot-v2/results/batches/pilot-v2/raw/c_bounds_unknown__main__b__r2/attempt-001/artifact.json,
repair,pilot,c_bounds_unknown,controls,main,b,3,analysis_unknown,analysis_unknown,complete,root-unknown,,True,UNKNOWN,0,1,1,0,50,,1,0,0,3,7,7,0,4,True,017dea57284023829fe22f973846540cf97fff0904eb47ebfb95797ddb41eb39,/Users/kevin/local-repos/ConcIR/experiments/pilot-v2/results/batches/pilot-v2/raw/c_bounds_unknown__main__b__r3/attempt-001/artifact.json,
repair,pilot,c_bounds_unknown,controls,main,c,1,analysis_unknown,analysis_unknown,complete,root-unknown,,True,UNKNOWN,0,1,1,0,50,,1,0,0,3,8,8,0,3,True,b48666316a21441e5a96f0480ed42e6873fa1af7d3f11a760b91741bbcb5aeea,/Users/kevin/local-repos/ConcIR/experiments/pilot-v2/results/batches/pilot-v2/raw/c_bounds_unknown__main__c__r1/attempt-001/artifact.json,
repair,pilot,c_bounds_unknown,controls,main,c,2,analysis_unknown,analysis_unknown,complete,root-unknown,,True,UNKNOWN,0,1,1,0,50,,1,0,0,3,8,8,0,4,True,b48666316a21441e5a96f0480ed42e6873fa1af7d3f11a760b91741bbcb5aeea,/Users/kevin/local-repos/ConcIR/experiments/pilot-v2/results/batches/pilot-v2/raw/c_bounds_unknown__main__c__r2/attempt-001/artifact.json,
repair,pilot,c_bounds_unknown,controls,main,c,3,analysis_unknown,analysis_unknown,complete,root-unknown,,True,UNKNOWN,0,1,1,0,50,,1,0,0,3,7,7,0,4,True,b48666316a21441e5a96f0480ed42e6873fa1af7d3f11a760b91741bbcb5aeea,/Users/kevin/local-repos/ConcIR/experiments/pilot-v2/results/batches/pilot-v2/raw/c_bounds_unknown__main__c__r3/attempt-001/artifact.json,
repair,pilot,c_bounds_unknown,controls,tight,a,1,analysis_unknown,analysis_unknown,complete,root-unknown,,True,UNKNOWN,0,1,1,0,50,,1,0,0,3,8,8,0,4,True,e0a72fe149ba9734a3878390e7d8545f318793afa3ba8959c2a355e4746e6226,/Users/kevin/local-repos/ConcIR/experiments/pilot-v2/results/batches/pilot-v2/raw/c_bounds_unknown__tight__a__r1/attempt-001/artifact.json,
repair,pilot,c_bounds_unknown,controls,tight,b,1,analysis_unknown,analysis_unknown,complete,root-unknown,,True,UNKNOWN,0,1,1,0,50,,1,0,0,3,8,8,0,4,True,998160aeaac5b350d2915c541f6acd458a2b72d36f233c405e43525166507e84,/Users/kevin/local-repos/ConcIR/experiments/pilot-v2/results/batches/pilot-v2/raw/c_bounds_unknown__tight__b__r1/attempt-001/artifact.json,
repair,pilot,c_bounds_unknown,controls,tight,c,1,analysis_unknown,analysis_unknown,complete,root-unknown,,True,UNKNOWN,0,1,1,0,50,,1,0,0,3,8,8,0,3,True,705a036382a40fa5b58a7ede1ad1d41c0065c96fdafb26199bf719943bdf3b11,/Users/kevin/local-repos/ConcIR/experiments/pilot-v2/results/batches/pilot-v2/raw/c_bounds_unknown__tight__c__r1/attempt-001/artifact.json,
repair,pilot,c_lock_reorder_forbidden,controls,main,a,1,no_acceptable_candidate,no_acceptable_candidate,complete,no-acceptable-candidate,,False,FAIL,0,1,1,0,49,,1,0,0,1,7,7,0,4,True,52adb959de2345cf0e8762c84add910be76f8ed90eba1f56a32511e578580444,/Users/kevin/local-repos/ConcIR/experiments/pilot-v2/results/batches/pilot-v2/raw/c_lock_reorder_forbidden__main__a__r1/attempt-001/artifact.json,
repair,pilot,c_lock_reorder_forbidden,controls,main,a,2,no_acceptable_candidate,no_acceptable_candidate,complete,no-acceptable-candidate,,False,FAIL,0,1,1,0,49,,1,0,0,1,7,7,0,3,True,52adb959de2345cf0e8762c84add910be76f8ed90eba1f56a32511e578580444,/Users/kevin/local-repos/ConcIR/experiments/pilot-v2/results/batches/pilot-v2/raw/c_lock_reorder_forbidden__main__a__r2/attempt-001/artifact.json,
repair,pilot,c_lock_reorder_forbidden,controls,main,a,3,no_acceptable_candidate,no_acceptable_candidate,complete,no-acceptable-candidate,,False,FAIL,0,1,1,0,49,,1,0,0,1,8,8,0,3,True,52adb959de2345cf0e8762c84add910be76f8ed90eba1f56a32511e578580444,/Users/kevin/local-repos/ConcIR/experiments/pilot-v2/results/batches/pilot-v2/raw/c_lock_reorder_forbidden__main__a__r3/attempt-001/artifact.json,
repair,pilot,c_lock_reorder_forbidden,controls,main,b,1,no_acceptable_candidate,no_acceptable_candidate,complete,no-acceptable-candidate,,False,FAIL,0,1,1,0,49,,1,0,0,1,7,7,0,4,True,5befd97745a24d7c3134ce964955ee0697f141f375deb1e885b2ed759050a3ce,/Users/kevin/local-repos/ConcIR/experiments/pilot-v2/results/batches/pilot-v2/raw/c_lock_reorder_forbidden__main__b__r1/attempt-001/artifact.json,
repair,pilot,c_lock_reorder_forbidden,controls,main,b,2,no_acceptable_candidate,no_acceptable_candidate,complete,no-acceptable-candidate,,False,FAIL,0,1,1,0,49,,1,0,0,1,7,7,0,4,True,5befd97745a24d7c3134ce964955ee0697f141f375deb1e885b2ed759050a3ce,/Users/kevin/local-repos/ConcIR/experiments/pilot-v2/results/batches/pilot-v2/raw/c_lock_reorder_forbidden__main__b__r2/attempt-001/artifact.json,
repair,pilot,c_lock_reorder_forbidden,controls,main,b,3,no_acceptable_candidate,no_acceptable_candidate,complete,no-acceptable-candidate,,False,FAIL,0,1,1,0,49,,1,0,0,1,7,7,0,3,True,5befd97745a24d7c3134ce964955ee0697f141f375deb1e885b2ed759050a3ce,/Users/kevin/local-repos/ConcIR/experiments/pilot-v2/results/batches/pilot-v2/raw/c_lock_reorder_forbidden__main__b__r3/attempt-001/artifact.json,
repair,pilot,c_lock_reorder_forbidden,controls,main,c,1,no_acceptable_candidate,no_acceptable_candidate,complete,no-acceptable-candidate,,False,FAIL,0,1,1,0,49,,1,0,0,1,7,7,0,3,True,f318c72ae615eb600b57a54a13d826708cee0533277371490ced83c24baf8f77,/Users/kevin/local-repos/ConcIR/experiments/pilot-v2/results/batches/pilot-v2/raw/c_lock_reorder_forbidden__main__c__r1/attempt-001/artifact.json,
repair,pilot,c_lock_reorder_forbidden,controls,main,c,2,no_acceptable_candidate,no_acceptable_candidate,complete,no-acceptable-candidate,,False,FAIL,0,1,1,0,49,,1,0,0,1,7,7,0,3,True,f318c72ae615eb600b57a54a13d826708cee0533277371490ced83c24baf8f77,/Users/kevin/local-repos/ConcIR/experiments/pilot-v2/results/batches/pilot-v2/raw/c_lock_reorder_forbidden__main__c__r2/attempt-001/artifact.json,
repair,pilot,c_lock_reorder_forbidden,controls,main,c,3,no_acceptable_candidate,no_acceptable_candidate,complete,no-acceptable-candidate,,False,FAIL,0,1,1,0,49,,1,0,0,1,7,7,0,3,True,f318c72ae615eb600b57a54a13d826708cee0533277371490ced83c24baf8f77,/Users/kevin/local-repos/ConcIR/experiments/pilot-v2/results/batches/pilot-v2/raw/c_lock_reorder_forbidden__main__c__r3/attempt-001/artifact.json,
repair,pilot,c_lock_reorder_forbidden,controls,tight,a,1,no_acceptable_candidate,no_acceptable_candidate,complete,no-acceptable-candidate,,False,FAIL,0,1,1,0,49,,1,0,0,1,7,7,0,3,True,1eef301152c77710459f4e14029837503cf95e72233f96130ac0dda181acb946,/Users/kevin/local-repos/ConcIR/experiments/pilot-v2/results/batches/pilot-v2/raw/c_lock_reorder_forbidden__tight__a__r1/attempt-001/artifact.json,
repair,pilot,c_lock_reorder_forbidden,controls,tight,b,1,no_acceptable_candidate,no_acceptable_candidate,complete,no-acceptable-candidate,,False,FAIL,0,1,1,0,49,,1,0,0,1,7,7,0,3,True,90f51268b3be3a2dded85d2d0a8d046f26e11d652c266f3be74fdb0ef33abe31,/Users/kevin/local-repos/ConcIR/experiments/pilot-v2/results/batches/pilot-v2/raw/c_lock_reorder_forbidden__tight__b__r1/attempt-001/artifact.json,
repair,pilot,c_lock_reorder_forbidden,controls,tight,c,1,no_acceptable_candidate,no_acceptable_candidate,complete,no-acceptable-candidate,,False,FAIL,0,1,1,0,49,,1,0,0,1,7,7,0,3,True,b3c14891206bce9335ba719eba7f1b23a0964752127258e3f81193cf8904387a,/Users/kevin/local-repos/ConcIR/experiments/pilot-v2/results/batches/pilot-v2/raw/c_lock_reorder_forbidden__tight__c__r1/attempt-001/artifact.json,
repair,pilot,c_preserved_unsatisfiable,controls,main,a,1,no_acceptable_candidate,no_acceptable_candidate,complete,no-acceptable-candidate,,False,FAIL,2,3,3,0,135,,3,0,0,1,8,8,0,4,True,ed4c6bcb20ac1bbbbbdb7eb12ee056798bffb63f75c377c9d2316f6dafe74280,/Users/kevin/local-repos/ConcIR/experiments/pilot-v2/results/batches/pilot-v2/raw/c_preserved_unsatisfiable__main__a__r1/attempt-001/artifact.json,
repair,pilot,c_preserved_unsatisfiable,controls,main,a,2,no_acceptable_candidate,no_acceptable_candidate,complete,no-acceptable-candidate,,False,FAIL,2,3,3,0,135,,3,0,0,1,8,8,0,4,True,ed4c6bcb20ac1bbbbbdb7eb12ee056798bffb63f75c377c9d2316f6dafe74280,/Users/kevin/local-repos/ConcIR/experiments/pilot-v2/results/batches/pilot-v2/raw/c_preserved_unsatisfiable__main__a__r2/attempt-001/artifact.json,
repair,pilot,c_preserved_unsatisfiable,controls,main,a,3,no_acceptable_candidate,no_acceptable_candidate,complete,no-acceptable-candidate,,False,FAIL,2,3,3,0,135,,3,0,0,1,9,9,0,5,True,ed4c6bcb20ac1bbbbbdb7eb12ee056798bffb63f75c377c9d2316f6dafe74280,/Users/kevin/local-repos/ConcIR/experiments/pilot-v2/results/batches/pilot-v2/raw/c_preserved_unsatisfiable__main__a__r3/attempt-001/artifact.json,
repair,pilot,c_preserved_unsatisfiable,controls,main,b,1,no_acceptable_candidate,no_acceptable_candidate,complete,no-acceptable-candidate,,False,FAIL,8,4,4,5,176,,4,0,0,1,9,9,0,5,True,b8e28663abe071488d638b14f271910a8d4974aeee69c0f32505d978e5f7b231,/Users/kevin/local-repos/ConcIR/experiments/pilot-v2/results/batches/pilot-v2/raw/c_preserved_unsatisfiable__main__b__r1/attempt-001/artifact.json,
repair,pilot,c_preserved_unsatisfiable,controls,main,b,2,no_acceptable_candidate,no_acceptable_candidate,complete,no-acceptable-candidate,,False,FAIL,8,4,4,5,176,,4,0,0,1,9,9,0,4,True,b8e28663abe071488d638b14f271910a8d4974aeee69c0f32505d978e5f7b231,/Users/kevin/local-repos/ConcIR/experiments/pilot-v2/results/batches/pilot-v2/raw/c_preserved_unsatisfiable__main__b__r2/attempt-001/artifact.json,
repair,pilot,c_preserved_unsatisfiable,controls,main,b,3,no_acceptable_candidate,no_acceptable_candidate,complete,no-acceptable-candidate,,False,FAIL,8,4,4,5,176,,4,0,0,1,10,10,0,5,True,b8e28663abe071488d638b14f271910a8d4974aeee69c0f32505d978e5f7b231,/Users/kevin/local-repos/ConcIR/experiments/pilot-v2/results/batches/pilot-v2/raw/c_preserved_unsatisfiable__main__b__r3/attempt-001/artifact.json,
repair,pilot,c_preserved_unsatisfiable,controls,main,c,1,no_acceptable_candidate,no_acceptable_candidate,complete,no-acceptable-candidate,,False,FAIL,8,4,4,5,176,,4,0,0,1,9,9,0,5,True,48134e50b9fc64178f969ddc5d114140530ad9cd1f9b8ac3417ec0e4ef0cf727,/Users/kevin/local-repos/ConcIR/experiments/pilot-v2/results/batches/pilot-v2/raw/c_preserved_unsatisfiable__main__c__r1/attempt-001/artifact.json,
repair,pilot,c_preserved_unsatisfiable,controls,main,c,2,no_acceptable_candidate,no_acceptable_candidate,complete,no-acceptable-candidate,,False,FAIL,8,4,4,5,176,,4,0,0,1,9,9,0,5,True,48134e50b9fc64178f969ddc5d114140530ad9cd1f9b8ac3417ec0e4ef0cf727,/Users/kevin/local-repos/ConcIR/experiments/pilot-v2/results/batches/pilot-v2/raw/c_preserved_unsatisfiable__main__c__r2/attempt-001/artifact.json,
repair,pilot,c_preserved_unsatisfiable,controls,main,c,3,no_acceptable_candidate,no_acceptable_candidate,complete,no-acceptable-candidate,,False,FAIL,8,4,4,5,176,,4,0,0,1,9,9,0,5,True,48134e50b9fc64178f969ddc5d114140530ad9cd1f9b8ac3417ec0e4ef0cf727,/Users/kevin/local-repos/ConcIR/experiments/pilot-v2/results/batches/pilot-v2/raw/c_preserved_unsatisfiable__main__c__r3/attempt-001/artifact.json,
repair,pilot,c_preserved_unsatisfiable,controls,tight,a,1,no_acceptable_candidate,no_acceptable_candidate,complete,no-acceptable-candidate,,False,FAIL,2,3,3,0,135,,3,0,0,1,8,8,0,4,True,5557a435ce2adc94c590f934d96d4708b5ed9c8e0b270fb12860110aa5f5fb53,/Users/kevin/local-repos/ConcIR/experiments/pilot-v2/results/batches/pilot-v2/raw/c_preserved_unsatisfiable__tight__a__r1/attempt-001/artifact.json,
repair,pilot,c_preserved_unsatisfiable,controls,tight,b,1,budget_exhausted,budget_exhausted,complete,max-depth,max-depth,False,FAIL,2,3,3,0,135,,3,0,0,1,8,8,0,4,True,84b3399260e3e0715589cd6145835dbc6b0e240c833777114cdff4782878d9ac,/Users/kevin/local-repos/ConcIR/experiments/pilot-v2/results/batches/pilot-v2/raw/c_preserved_unsatisfiable__tight__b__r1/attempt-001/artifact.json,
repair,pilot,c_preserved_unsatisfiable,controls,tight,c,1,budget_exhausted,budget_exhausted,complete,max-depth,max-depth,False,FAIL,2,3,3,0,135,,3,0,0,1,9,9,0,4,True,610513943c2cc09fa4b9b5d0a78805f4c2dc295e035d8e12ae2e165e4532e9ce,/Users/kevin/local-repos/ConcIR/experiments/pilot-v2/results/batches/pilot-v2/raw/c_preserved_unsatisfiable__tight__c__r1/attempt-001/artifact.json,
repair,pilot,c_scope_restricted,controls,main,a,1,no_acceptable_candidate,no_acceptable_candidate,complete,no-acceptable-candidate,,False,FAIL,0,1,1,0,49,,1,0,0,1,7,7,0,3,True,e8d3a9243fdb0c55180c97499263de616603590c0067a27a1ab85003464c3053,/Users/kevin/local-repos/ConcIR/experiments/pilot-v2/results/batches/pilot-v2/raw/c_scope_restricted__main__a__r1/attempt-001/artifact.json,
repair,pilot,c_scope_restricted,controls,main,a,2,no_acceptable_candidate,no_acceptable_candidate,complete,no-acceptable-candidate,,False,FAIL,0,1,1,0,49,,1,0,0,1,7,7,0,4,True,e8d3a9243fdb0c55180c97499263de616603590c0067a27a1ab85003464c3053,/Users/kevin/local-repos/ConcIR/experiments/pilot-v2/results/batches/pilot-v2/raw/c_scope_restricted__main__a__r2/attempt-001/artifact.json,
repair,pilot,c_scope_restricted,controls,main,a,3,no_acceptable_candidate,no_acceptable_candidate,complete,no-acceptable-candidate,,False,FAIL,0,1,1,0,49,,1,0,0,1,7,7,0,3,True,e8d3a9243fdb0c55180c97499263de616603590c0067a27a1ab85003464c3053,/Users/kevin/local-repos/ConcIR/experiments/pilot-v2/results/batches/pilot-v2/raw/c_scope_restricted__main__a__r3/attempt-001/artifact.json,
repair,pilot,c_scope_restricted,controls,main,b,1,no_acceptable_candidate,no_acceptable_candidate,complete,no-acceptable-candidate,,False,FAIL,0,1,1,0,49,,1,0,0,1,7,7,0,4,True,5b35a5dd7989b9b20b9e4bb940d527730ddfdbafe372b6d1a9f8629c38133077,/Users/kevin/local-repos/ConcIR/experiments/pilot-v2/results/batches/pilot-v2/raw/c_scope_restricted__main__b__r1/attempt-001/artifact.json,
repair,pilot,c_scope_restricted,controls,main,b,2,no_acceptable_candidate,no_acceptable_candidate,complete,no-acceptable-candidate,,False,FAIL,0,1,1,0,49,,1,0,0,1,7,7,0,3,True,5b35a5dd7989b9b20b9e4bb940d527730ddfdbafe372b6d1a9f8629c38133077,/Users/kevin/local-repos/ConcIR/experiments/pilot-v2/results/batches/pilot-v2/raw/c_scope_restricted__main__b__r2/attempt-001/artifact.json,
repair,pilot,c_scope_restricted,controls,main,b,3,no_acceptable_candidate,no_acceptable_candidate,complete,no-acceptable-candidate,,False,FAIL,0,1,1,0,49,,1,0,0,1,7,7,0,3,True,5b35a5dd7989b9b20b9e4bb940d527730ddfdbafe372b6d1a9f8629c38133077,/Users/kevin/local-repos/ConcIR/experiments/pilot-v2/results/batches/pilot-v2/raw/c_scope_restricted__main__b__r3/attempt-001/artifact.json,
repair,pilot,c_scope_restricted,controls,main,c,1,no_acceptable_candidate,no_acceptable_candidate,complete,no-acceptable-candidate,,False,FAIL,0,1,1,0,49,,1,0,0,1,7,7,0,3,True,f621dd1df0d17b2aee5c7a844f2c82bc4cdd4918f497cfae3ca242baf4aa5410,/Users/kevin/local-repos/ConcIR/experiments/pilot-v2/results/batches/pilot-v2/raw/c_scope_restricted__main__c__r1/attempt-001/artifact.json,
repair,pilot,c_scope_restricted,controls,main,c,2,no_acceptable_candidate,no_acceptable_candidate,complete,no-acceptable-candidate,,False,FAIL,0,1,1,0,49,,1,0,0,1,7,7,0,3,True,f621dd1df0d17b2aee5c7a844f2c82bc4cdd4918f497cfae3ca242baf4aa5410,/Users/kevin/local-repos/ConcIR/experiments/pilot-v2/results/batches/pilot-v2/raw/c_scope_restricted__main__c__r2/attempt-001/artifact.json,
repair,pilot,c_scope_restricted,controls,main,c,3,no_acceptable_candidate,no_acceptable_candidate,complete,no-acceptable-candidate,,False,FAIL,0,1,1,0,49,,1,0,0,1,7,7,0,3,True,f621dd1df0d17b2aee5c7a844f2c82bc4cdd4918f497cfae3ca242baf4aa5410,/Users/kevin/local-repos/ConcIR/experiments/pilot-v2/results/batches/pilot-v2/raw/c_scope_restricted__main__c__r3/attempt-001/artifact.json,
repair,pilot,c_scope_restricted,controls,tight,a,1,no_acceptable_candidate,no_acceptable_candidate,complete,no-acceptable-candidate,,False,FAIL,0,1,1,0,49,,1,0,0,1,7,7,0,3,True,4bd02ab7e1da50b0388ad42e25ecedfcd22c4c6d8c8a2e86ba749ea9ab1bd5bf,/Users/kevin/local-repos/ConcIR/experiments/pilot-v2/results/batches/pilot-v2/raw/c_scope_restricted__tight__a__r1/attempt-001/artifact.json,
repair,pilot,c_scope_restricted,controls,tight,b,1,no_acceptable_candidate,no_acceptable_candidate,complete,no-acceptable-candidate,,False,FAIL,0,1,1,0,49,,1,0,0,1,7,7,0,4,True,f6b51c27e996c349c4724638e2dab885997f31865911ff5f751ebf46626af24c,/Users/kevin/local-repos/ConcIR/experiments/pilot-v2/results/batches/pilot-v2/raw/c_scope_restricted__tight__b__r1/attempt-001/artifact.json,
repair,pilot,c_scope_restricted,controls,tight,c,1,no_acceptable_candidate,no_acceptable_candidate,complete,no-acceptable-candidate,,False,FAIL,0,1,1,0,49,,1,0,0,1,7,7,0,3,True,8241d10c47ed628ed23808288a1aec4c8803f5aa87aa3c1e4a91603ffa4c7981,/Users/kevin/local-repos/ConcIR/experiments/pilot-v2/results/batches/pilot-v2/raw/c_scope_restricted__tight__c__r1/attempt-001/artifact.json,
repair,pilot,e_module_order,enumerate_order,main,a,1,no_acceptable_candidate,no_acceptable_candidate,complete,no-acceptable-candidate,,False,FAIL,4,5,5,0,9927,,5,0,0,1,237,237,0,283,True,340a998caee0b08c5fed3f9173797d3419397e10ef3e9c1e03d57c296751dd58,/Users/kevin/local-repos/ConcIR/experiments/pilot-v2/results/batches/pilot-v2/raw/e_module_order__main__a__r1/attempt-001/artifact.json,
repair,pilot,e_module_order,enumerate_order,main,a,2,no_acceptable_candidate,no_acceptable_candidate,complete,no-acceptable-candidate,,False,FAIL,4,5,5,0,9927,,5,0,0,1,237,237,0,280,True,340a998caee0b08c5fed3f9173797d3419397e10ef3e9c1e03d57c296751dd58,/Users/kevin/local-repos/ConcIR/experiments/pilot-v2/results/batches/pilot-v2/raw/e_module_order__main__a__r2/attempt-001/artifact.json,
repair,pilot,e_module_order,enumerate_order,main,a,3,no_acceptable_candidate,no_acceptable_candidate,complete,no-acceptable-candidate,,False,FAIL,4,5,5,0,9927,,5,0,0,1,238,238,0,281,True,340a998caee0b08c5fed3f9173797d3419397e10ef3e9c1e03d57c296751dd58,/Users/kevin/local-repos/ConcIR/experiments/pilot-v2/results/batches/pilot-v2/raw/e_module_order__main__a__r3/attempt-001/artifact.json,
repair,pilot,e_module_order,enumerate_order,main,b,1,repaired,repaired,complete,solved,,False,FAIL,7,7,7,1,13445,,7,2,2,0,315,315,0,394,True,1729ffdfc8f940800206d662d3f5c2b7c333541915ee18501e1c59800c289dd6,/Users/kevin/local-repos/ConcIR/experiments/pilot-v2/results/batches/pilot-v2/raw/e_module_order__main__b__r1/attempt-001/artifact.json,
repair,pilot,e_module_order,enumerate_order,main,b,2,repaired,repaired,complete,solved,,False,FAIL,7,7,7,1,13445,,7,2,2,0,313,313,0,393,True,1729ffdfc8f940800206d662d3f5c2b7c333541915ee18501e1c59800c289dd6,/Users/kevin/local-repos/ConcIR/experiments/pilot-v2/results/batches/pilot-v2/raw/e_module_order__main__b__r2/attempt-001/artifact.json,
repair,pilot,e_module_order,enumerate_order,main,b,3,repaired,repaired,complete,solved,,False,FAIL,7,7,7,1,13445,,7,2,2,0,315,315,0,395,True,1729ffdfc8f940800206d662d3f5c2b7c333541915ee18501e1c59800c289dd6,/Users/kevin/local-repos/ConcIR/experiments/pilot-v2/results/batches/pilot-v2/raw/e_module_order__main__b__r3/attempt-001/artifact.json,
repair,pilot,e_module_order,enumerate_order,main,c,1,repaired,repaired,complete,solved,,False,FAIL,5,6,6,0,11610,,6,2,2,0,273,273,0,354,True,3ec0b242ef810dab0a0a14584124c18b96d4d334e678bc6dfb4b2a82d89d8997,/Users/kevin/local-repos/ConcIR/experiments/pilot-v2/results/batches/pilot-v2/raw/e_module_order__main__c__r1/attempt-001/artifact.json,
repair,pilot,e_module_order,enumerate_order,main,c,2,repaired,repaired,complete,solved,,False,FAIL,5,6,6,0,11610,,6,2,2,0,273,273,0,353,True,3ec0b242ef810dab0a0a14584124c18b96d4d334e678bc6dfb4b2a82d89d8997,/Users/kevin/local-repos/ConcIR/experiments/pilot-v2/results/batches/pilot-v2/raw/e_module_order__main__c__r2/attempt-001/artifact.json,
repair,pilot,e_module_order,enumerate_order,main,c,3,repaired,repaired,complete,solved,,False,FAIL,5,6,6,0,11610,,6,2,2,0,292,292,0,357,True,3ec0b242ef810dab0a0a14584124c18b96d4d334e678bc6dfb4b2a82d89d8997,/Users/kevin/local-repos/ConcIR/experiments/pilot-v2/results/batches/pilot-v2/raw/e_module_order__main__c__r3/attempt-001/artifact.json,
repair,pilot,e_module_order,enumerate_order,tight,a,1,budget_exhausted,budget_exhausted,complete,verification-budget,,False,FAIL,4,4,4,0,7998,,4,0,0,1,193,193,0,237,True,e07f1cb1a84e32a46539f22b82be0b5ac421a595fd98f31632a5912b30c36629,/Users/kevin/local-repos/ConcIR/experiments/pilot-v2/results/batches/pilot-v2/raw/e_module_order__tight__a__r1/attempt-001/artifact.json,
repair,pilot,e_module_order,enumerate_order,tight,b,1,budget_exhausted,budget_exhausted,complete,verification-budget,,False,FAIL,4,4,4,0,7998,,4,0,0,1,192,192,0,239,True,7322d98756569b2bf95f390c64f0e3c6c09fed23c43056243630ec112ad89be5,/Users/kevin/local-repos/ConcIR/experiments/pilot-v2/results/batches/pilot-v2/raw/e_module_order__tight__b__r1/attempt-001/artifact.json,
repair,pilot,e_module_order,enumerate_order,tight,c,1,budget_exhausted,budget_exhausted,complete,verification-budget,,False,FAIL,4,4,4,0,7998,,4,0,0,1,192,192,0,240,True,49a7ee4926ba337161e471da46f3158931728dbe35f56741039b0ffaf82dce6e,/Users/kevin/local-repos/ConcIR/experiments/pilot-v2/results/batches/pilot-v2/raw/e_module_order__tight__c__r1/attempt-001/artifact.json,
repair,pilot,e_name_order,enumerate_order,main,a,1,no_acceptable_candidate,no_acceptable_candidate,complete,no-acceptable-candidate,,False,FAIL,4,5,5,0,9927,,5,0,0,1,235,235,0,280,True,dc8bd7939914e3a19c5eacdd68d1cb070c9c15fdcd6e2fa53b06b9f8cf04f7e7,/Users/kevin/local-repos/ConcIR/experiments/pilot-v2/results/batches/pilot-v2/raw/e_name_order__main__a__r1/attempt-001/artifact.json,
repair,pilot,e_name_order,enumerate_order,main,a,2,no_acceptable_candidate,no_acceptable_candidate,complete,no-acceptable-candidate,,False,FAIL,4,5,5,0,9927,,5,0,0,1,237,237,0,280,True,dc8bd7939914e3a19c5eacdd68d1cb070c9c15fdcd6e2fa53b06b9f8cf04f7e7,/Users/kevin/local-repos/ConcIR/experiments/pilot-v2/results/batches/pilot-v2/raw/e_name_order__main__a__r2/attempt-001/artifact.json,
repair,pilot,e_name_order,enumerate_order,main,a,3,no_acceptable_candidate,no_acceptable_candidate,complete,no-acceptable-candidate,,False,FAIL,4,5,5,0,9927,,5,0,0,1,235,235,0,276,True,dc8bd7939914e3a19c5eacdd68d1cb070c9c15fdcd6e2fa53b06b9f8cf04f7e7,/Users/kevin/local-repos/ConcIR/experiments/pilot-v2/results/batches/pilot-v2/raw/e_name_order__main__a__r3/attempt-001/artifact.json,
repair,pilot,e_name_order,enumerate_order,main,b,1,repaired,repaired,complete,solved,,False,FAIL,7,7,7,1,13445,,7,2,2,0,317,317,0,396,True,68743c1f344457fe8118a68f6c1e6eda192cf235ea6fc7ffee4b70f7b6ad529d,/Users/kevin/local-repos/ConcIR/experiments/pilot-v2/results/batches/pilot-v2/raw/e_name_order__main__b__r1/attempt-001/artifact.json,
repair,pilot,e_name_order,enumerate_order,main,b,2,repaired,repaired,complete,solved,,False,FAIL,7,7,7,1,13445,,7,2,2,0,314,314,0,394,True,68743c1f344457fe8118a68f6c1e6eda192cf235ea6fc7ffee4b70f7b6ad529d,/Users/kevin/local-repos/ConcIR/experiments/pilot-v2/results/batches/pilot-v2/raw/e_name_order__main__b__r2/attempt-001/artifact.json,
repair,pilot,e_name_order,enumerate_order,main,b,3,repaired,repaired,complete,solved,,False,FAIL,7,7,7,1,13445,,7,2,2,0,309,309,0,394,True,68743c1f344457fe8118a68f6c1e6eda192cf235ea6fc7ffee4b70f7b6ad529d,/Users/kevin/local-repos/ConcIR/experiments/pilot-v2/results/batches/pilot-v2/raw/e_name_order__main__b__r3/attempt-001/artifact.json,
repair,pilot,e_name_order,enumerate_order,main,c,1,repaired,repaired,complete,solved,,False,FAIL,5,6,6,0,11610,,6,2,2,0,272,272,0,352,True,2eeec43aa6e146151f62c1975949bd424785f1d43facd60c05dc1fe85d7c9551,/Users/kevin/local-repos/ConcIR/experiments/pilot-v2/results/batches/pilot-v2/raw/e_name_order__main__c__r1/attempt-001/artifact.json,
repair,pilot,e_name_order,enumerate_order,main,c,2,repaired,repaired,complete,solved,,False,FAIL,5,6,6,0,11610,,6,2,2,0,277,277,0,351,True,2eeec43aa6e146151f62c1975949bd424785f1d43facd60c05dc1fe85d7c9551,/Users/kevin/local-repos/ConcIR/experiments/pilot-v2/results/batches/pilot-v2/raw/e_name_order__main__c__r2/attempt-001/artifact.json,
repair,pilot,e_name_order,enumerate_order,main,c,3,repaired,repaired,complete,solved,,False,FAIL,5,6,6,0,11610,,6,2,2,0,273,273,0,375,True,2eeec43aa6e146151f62c1975949bd424785f1d43facd60c05dc1fe85d7c9551,/Users/kevin/local-repos/ConcIR/experiments/pilot-v2/results/batches/pilot-v2/raw/e_name_order__main__c__r3/attempt-001/artifact.json,
repair,pilot,e_name_order,enumerate_order,tight,a,1,budget_exhausted,budget_exhausted,complete,verification-budget,,False,FAIL,4,4,4,0,7998,,4,0,0,1,193,193,0,237,True,82f046a4e219752487fab28a69a2a082cde486f7eef040e89eb78d76ec436ca2,/Users/kevin/local-repos/ConcIR/experiments/pilot-v2/results/batches/pilot-v2/raw/e_name_order__tight__a__r1/attempt-001/artifact.json,
repair,pilot,e_name_order,enumerate_order,tight,b,1,budget_exhausted,budget_exhausted,complete,verification-budget,,False,FAIL,4,4,4,0,7998,,4,0,0,1,192,192,0,238,True,4b2cf6ac7fb1234d67e9d1b1b151d990d00d99309db6998e027f291b3defef3f,/Users/kevin/local-repos/ConcIR/experiments/pilot-v2/results/batches/pilot-v2/raw/e_name_order__tight__b__r1/attempt-001/artifact.json,
repair,pilot,e_name_order,enumerate_order,tight,c,1,budget_exhausted,budget_exhausted,complete,verification-budget,,False,FAIL,4,4,4,0,7998,,4,0,0,1,192,192,0,238,True,7594b2344b0a62840701950dda7f5dfa1c88ec70f6245920fc7c98e2e5fbd23b,/Users/kevin/local-repos/ConcIR/experiments/pilot-v2/results/batches/pilot-v2/raw/e_name_order__tight__c__r1/attempt-001/artifact.json,
repair,pilot,p1_cross_shared,one_defect,main,a,1,repaired,repaired,complete,solved,,False,FAIL,1,2,2,0,92,,2,1,1,0,8,8,0,5,True,fcb73e59aa6c60c327597febee087e353b572296ae49a1b060af6527ad1c580a,/Users/kevin/local-repos/ConcIR/experiments/pilot-v2/results/batches/pilot-v2/raw/p1_cross_shared__main__a__r1/attempt-001/artifact.json,
repair,pilot,p1_cross_shared,one_defect,main,a,2,repaired,repaired,complete,solved,,False,FAIL,1,2,2,0,92,,2,1,1,0,8,8,0,4,True,fcb73e59aa6c60c327597febee087e353b572296ae49a1b060af6527ad1c580a,/Users/kevin/local-repos/ConcIR/experiments/pilot-v2/results/batches/pilot-v2/raw/p1_cross_shared__main__a__r2/attempt-001/artifact.json,
repair,pilot,p1_cross_shared,one_defect,main,a,3,repaired,repaired,complete,solved,,False,FAIL,1,2,2,0,92,,2,1,1,0,8,8,0,4,True,fcb73e59aa6c60c327597febee087e353b572296ae49a1b060af6527ad1c580a,/Users/kevin/local-repos/ConcIR/experiments/pilot-v2/results/batches/pilot-v2/raw/p1_cross_shared__main__a__r3/attempt-001/artifact.json,
repair,pilot,p1_cross_shared,one_defect,main,b,1,repaired,repaired,complete,solved,,False,FAIL,1,2,2,0,92,,2,1,1,0,8,8,0,4,True,524b8e55f23ca5b9346945e1a38ca859c0a9b38d20432e244aad9f65cb92ba28,/Users/kevin/local-repos/ConcIR/experiments/pilot-v2/results/batches/pilot-v2/raw/p1_cross_shared__main__b__r1/attempt-001/artifact.json,
repair,pilot,p1_cross_shared,one_defect,main,b,2,repaired,repaired,complete,solved,,False,FAIL,1,2,2,0,92,,2,1,1,0,8,8,0,4,True,524b8e55f23ca5b9346945e1a38ca859c0a9b38d20432e244aad9f65cb92ba28,/Users/kevin/local-repos/ConcIR/experiments/pilot-v2/results/batches/pilot-v2/raw/p1_cross_shared__main__b__r2/attempt-001/artifact.json,
repair,pilot,p1_cross_shared,one_defect,main,b,3,repaired,repaired,complete,solved,,False,FAIL,1,2,2,0,92,,2,1,1,0,8,8,0,4,True,524b8e55f23ca5b9346945e1a38ca859c0a9b38d20432e244aad9f65cb92ba28,/Users/kevin/local-repos/ConcIR/experiments/pilot-v2/results/batches/pilot-v2/raw/p1_cross_shared__main__b__r3/attempt-001/artifact.json,
repair,pilot,p1_cross_shared,one_defect,main,c,1,repaired,repaired,complete,solved,,False,FAIL,1,2,2,0,92,,2,1,1,0,8,8,0,4,True,c0695731400d6ff9b43b3ed1d5de55e3c6f6e8e8ddf9fe3a42a1da61782bdd66,/Users/kevin/local-repos/ConcIR/experiments/pilot-v2/results/batches/pilot-v2/raw/p1_cross_shared__main__c__r1/attempt-001/artifact.json,
repair,pilot,p1_cross_shared,one_defect,main,c,2,repaired,repaired,complete,solved,,False,FAIL,1,2,2,0,92,,2,1,1,0,8,8,0,4,True,c0695731400d6ff9b43b3ed1d5de55e3c6f6e8e8ddf9fe3a42a1da61782bdd66,/Users/kevin/local-repos/ConcIR/experiments/pilot-v2/results/batches/pilot-v2/raw/p1_cross_shared__main__c__r2/attempt-001/artifact.json,
repair,pilot,p1_cross_shared,one_defect,main,c,3,repaired,repaired,complete,solved,,False,FAIL,1,2,2,0,92,,2,1,1,0,8,8,0,4,True,c0695731400d6ff9b43b3ed1d5de55e3c6f6e8e8ddf9fe3a42a1da61782bdd66,/Users/kevin/local-repos/ConcIR/experiments/pilot-v2/results/batches/pilot-v2/raw/p1_cross_shared__main__c__r3/attempt-001/artifact.json,
repair,pilot,p1_cross_shared,one_defect,tight,a,1,repaired,repaired,complete,solved,,False,FAIL,1,2,2,0,92,,2,1,1,0,8,8,0,4,True,ec53468fee8179c6463b0304c2aa1812d6fc77ea9269d003e866ff3dc2440f29,/Users/kevin/local-repos/ConcIR/experiments/pilot-v2/results/batches/pilot-v2/raw/p1_cross_shared__tight__a__r1/attempt-001/artifact.json,
repair,pilot,p1_cross_shared,one_defect,tight,b,1,repaired,repaired,complete,solved,,False,FAIL,1,2,2,0,92,,2,1,1,0,8,8,0,4,True,e42fd19776921a90cfa56988d2efa2a4ca18d256c66a1e1dfc4edb1e278a7cf0,/Users/kevin/local-repos/ConcIR/experiments/pilot-v2/results/batches/pilot-v2/raw/p1_cross_shared__tight__b__r1/attempt-001/artifact.json,
repair,pilot,p1_cross_shared,one_defect,tight,c,1,repaired,repaired,complete,solved,,False,FAIL,1,2,2,0,92,,2,1,1,0,7,7,0,4,True,9709abe66e8f2aac04880145bad512ec4d1ae7951d38920031d370d799bfff3d,/Users/kevin/local-repos/ConcIR/experiments/pilot-v2/results/batches/pilot-v2/raw/p1_cross_shared__tight__c__r1/attempt-001/artifact.json,
repair,pilot,p1_interf,interference,main,a,1,repaired,repaired,complete,solved,,False,FAIL,1,2,2,0,532,,2,1,1,0,16,16,0,20,True,5754ef08b0ee8a4e5a12e3fb008e4e9ff429372b54f49ee4c531a7a440b8481f,/Users/kevin/local-repos/ConcIR/experiments/pilot-v2/results/batches/pilot-v2/raw/p1_interf__main__a__r1/attempt-001/artifact.json,
repair,pilot,p1_interf,interference,main,a,2,repaired,repaired,complete,solved,,False,FAIL,1,2,2,0,532,,2,1,1,0,16,16,0,20,True,5754ef08b0ee8a4e5a12e3fb008e4e9ff429372b54f49ee4c531a7a440b8481f,/Users/kevin/local-repos/ConcIR/experiments/pilot-v2/results/batches/pilot-v2/raw/p1_interf__main__a__r2/attempt-001/artifact.json,
repair,pilot,p1_interf,interference,main,a,3,repaired,repaired,complete,solved,,False,FAIL,1,2,2,0,532,,2,1,1,0,17,17,0,21,True,5754ef08b0ee8a4e5a12e3fb008e4e9ff429372b54f49ee4c531a7a440b8481f,/Users/kevin/local-repos/ConcIR/experiments/pilot-v2/results/batches/pilot-v2/raw/p1_interf__main__a__r3/attempt-001/artifact.json,
repair,pilot,p1_interf,interference,main,b,1,repaired,repaired,complete,solved,,False,FAIL,1,2,2,0,532,,2,1,1,0,16,16,0,20,True,9f66184363aa1b3a051b9b0d7d24ea7ca1b8ab11b56d0543b9b57bdc0a096ab7,/Users/kevin/local-repos/ConcIR/experiments/pilot-v2/results/batches/pilot-v2/raw/p1_interf__main__b__r1/attempt-001/artifact.json,
repair,pilot,p1_interf,interference,main,b,2,repaired,repaired,complete,solved,,False,FAIL,1,2,2,0,532,,2,1,1,0,17,17,0,21,True,9f66184363aa1b3a051b9b0d7d24ea7ca1b8ab11b56d0543b9b57bdc0a096ab7,/Users/kevin/local-repos/ConcIR/experiments/pilot-v2/results/batches/pilot-v2/raw/p1_interf__main__b__r2/attempt-001/artifact.json,
repair,pilot,p1_interf,interference,main,b,3,repaired,repaired,complete,solved,,False,FAIL,1,2,2,0,532,,2,1,1,0,17,17,0,20,True,9f66184363aa1b3a051b9b0d7d24ea7ca1b8ab11b56d0543b9b57bdc0a096ab7,/Users/kevin/local-repos/ConcIR/experiments/pilot-v2/results/batches/pilot-v2/raw/p1_interf__main__b__r3/attempt-001/artifact.json,
repair,pilot,p1_interf,interference,main,c,1,repaired,repaired,complete,solved,,False,FAIL,1,2,2,0,532,,2,1,1,0,16,16,0,20,True,b699760166ca76fcbb9c89db1eaa09de228b6be588ffa21e8192d652053c7c1c,/Users/kevin/local-repos/ConcIR/experiments/pilot-v2/results/batches/pilot-v2/raw/p1_interf__main__c__r1/attempt-001/artifact.json,
repair,pilot,p1_interf,interference,main,c,2,repaired,repaired,complete,solved,,False,FAIL,1,2,2,0,532,,2,1,1,0,19,19,0,20,True,b699760166ca76fcbb9c89db1eaa09de228b6be588ffa21e8192d652053c7c1c,/Users/kevin/local-repos/ConcIR/experiments/pilot-v2/results/batches/pilot-v2/raw/p1_interf__main__c__r2/attempt-001/artifact.json,
repair,pilot,p1_interf,interference,main,c,3,repaired,repaired,complete,solved,,False,FAIL,1,2,2,0,532,,2,1,1,0,16,16,0,20,True,b699760166ca76fcbb9c89db1eaa09de228b6be588ffa21e8192d652053c7c1c,/Users/kevin/local-repos/ConcIR/experiments/pilot-v2/results/batches/pilot-v2/raw/p1_interf__main__c__r3/attempt-001/artifact.json,
repair,pilot,p1_interf,interference,tight,a,1,repaired,repaired,complete,solved,,False,FAIL,1,2,2,0,532,,2,1,1,0,17,17,0,21,True,656ce58e236f040ab88942f747ce1b2ab87c9f9f11cd20ca97f96b57c26d755e,/Users/kevin/local-repos/ConcIR/experiments/pilot-v2/results/batches/pilot-v2/raw/p1_interf__tight__a__r1/attempt-001/artifact.json,
repair,pilot,p1_interf,interference,tight,b,1,repaired,repaired,complete,solved,,False,FAIL,1,2,2,0,532,,2,1,1,0,16,16,0,20,True,45a3f61d9c85ede9edebc98a90cbcc443ad783f6394068fd1dcf9cfb68c7c71e,/Users/kevin/local-repos/ConcIR/experiments/pilot-v2/results/batches/pilot-v2/raw/p1_interf__tight__b__r1/attempt-001/artifact.json,
repair,pilot,p1_interf,interference,tight,c,1,repaired,repaired,complete,solved,,False,FAIL,1,2,2,0,532,,2,1,1,0,17,17,0,21,True,717ac14c9c3109a186ebbdd27fd041d730bd4ffcd30a0d4de177bdca9bd7960f,/Users/kevin/local-repos/ConcIR/experiments/pilot-v2/results/batches/pilot-v2/raw/p1_interf__tight__c__r1/attempt-001/artifact.json,
repair,pilot,p1_same,one_defect,main,a,1,repaired,repaired,complete,solved,,False,FAIL,1,2,2,0,92,,2,1,1,0,8,8,0,4,True,dd81dac391f4a8164db85eab9ec4823a2a871652fcce02ac44a0ca90c701d9f6,/Users/kevin/local-repos/ConcIR/experiments/pilot-v2/results/batches/pilot-v2/raw/p1_same__main__a__r1/attempt-001/artifact.json,
repair,pilot,p1_same,one_defect,main,a,2,repaired,repaired,complete,solved,,False,FAIL,1,2,2,0,92,,2,1,1,0,8,8,0,4,True,dd81dac391f4a8164db85eab9ec4823a2a871652fcce02ac44a0ca90c701d9f6,/Users/kevin/local-repos/ConcIR/experiments/pilot-v2/results/batches/pilot-v2/raw/p1_same__main__a__r2/attempt-001/artifact.json,
repair,pilot,p1_same,one_defect,main,a,3,repaired,repaired,complete,solved,,False,FAIL,1,2,2,0,92,,2,1,1,0,8,8,0,4,True,dd81dac391f4a8164db85eab9ec4823a2a871652fcce02ac44a0ca90c701d9f6,/Users/kevin/local-repos/ConcIR/experiments/pilot-v2/results/batches/pilot-v2/raw/p1_same__main__a__r3/attempt-001/artifact.json,
repair,pilot,p1_same,one_defect,main,b,1,repaired,repaired,complete,solved,,False,FAIL,1,2,2,0,92,,2,1,1,0,8,8,0,4,True,9d0687d0427ffd11bf626b1b475a7c3b5a6aa624374458b3c93dad9477d2a7b2,/Users/kevin/local-repos/ConcIR/experiments/pilot-v2/results/batches/pilot-v2/raw/p1_same__main__b__r1/attempt-001/artifact.json,
repair,pilot,p1_same,one_defect,main,b,2,repaired,repaired,complete,solved,,False,FAIL,1,2,2,0,92,,2,1,1,0,8,8,0,4,True,9d0687d0427ffd11bf626b1b475a7c3b5a6aa624374458b3c93dad9477d2a7b2,/Users/kevin/local-repos/ConcIR/experiments/pilot-v2/results/batches/pilot-v2/raw/p1_same__main__b__r2/attempt-001/artifact.json,
repair,pilot,p1_same,one_defect,main,b,3,repaired,repaired,complete,solved,,False,FAIL,1,2,2,0,92,,2,1,1,0,8,8,0,4,True,9d0687d0427ffd11bf626b1b475a7c3b5a6aa624374458b3c93dad9477d2a7b2,/Users/kevin/local-repos/ConcIR/experiments/pilot-v2/results/batches/pilot-v2/raw/p1_same__main__b__r3/attempt-001/artifact.json,
repair,pilot,p1_same,one_defect,main,c,1,repaired,repaired,complete,solved,,False,FAIL,1,2,2,0,92,,2,1,1,0,8,8,0,4,True,7fd00962f6e0d7902ce2f7d94d86e1302d2b20b8c2d566e5d0e0933e551786c2,/Users/kevin/local-repos/ConcIR/experiments/pilot-v2/results/batches/pilot-v2/raw/p1_same__main__c__r1/attempt-001/artifact.json,
repair,pilot,p1_same,one_defect,main,c,2,repaired,repaired,complete,solved,,False,FAIL,1,2,2,0,92,,2,1,1,0,8,8,0,4,True,7fd00962f6e0d7902ce2f7d94d86e1302d2b20b8c2d566e5d0e0933e551786c2,/Users/kevin/local-repos/ConcIR/experiments/pilot-v2/results/batches/pilot-v2/raw/p1_same__main__c__r2/attempt-001/artifact.json,
repair,pilot,p1_same,one_defect,main,c,3,repaired,repaired,complete,solved,,False,FAIL,1,2,2,0,92,,2,1,1,0,8,8,0,4,True,7fd00962f6e0d7902ce2f7d94d86e1302d2b20b8c2d566e5d0e0933e551786c2,/Users/kevin/local-repos/ConcIR/experiments/pilot-v2/results/batches/pilot-v2/raw/p1_same__main__c__r3/attempt-001/artifact.json,
repair,pilot,p1_same,one_defect,tight,a,1,repaired,repaired,complete,solved,,False,FAIL,1,2,2,0,92,,2,1,1,0,8,8,0,4,True,f5404a0b92705825880700deb17e37f2521f12b9b7c34b3c9c073795da75ebe4,/Users/kevin/local-repos/ConcIR/experiments/pilot-v2/results/batches/pilot-v2/raw/p1_same__tight__a__r1/attempt-001/artifact.json,
repair,pilot,p1_same,one_defect,tight,b,1,repaired,repaired,complete,solved,,False,FAIL,1,2,2,0,92,,2,1,1,0,8,8,0,4,True,a5769aadfcb63818442bc7d9ff1ff0564b77ddfd585b21654269bb5d75376d6e,/Users/kevin/local-repos/ConcIR/experiments/pilot-v2/results/batches/pilot-v2/raw/p1_same__tight__b__r1/attempt-001/artifact.json,
repair,pilot,p1_same,one_defect,tight,c,1,repaired,repaired,complete,solved,,False,FAIL,1,2,2,0,92,,2,1,1,0,7,7,0,4,True,312ff2ca227257ddc0cf61bea49d9564bdf7cb9577884900b77412bf25544d40,/Users/kevin/local-repos/ConcIR/experiments/pilot-v2/results/batches/pilot-v2/raw/p1_same__tight__c__r1/attempt-001/artifact.json,
repair,pilot,p2_cross_independent,two_defects,main,a,1,no_acceptable_candidate,no_acceptable_candidate,complete,no-acceptable-candidate,,False,FAIL,4,5,5,0,9927,,5,0,0,1,235,235,0,281,True,5989a10c35f835eebc53797f6fbe49eec008146bc1cd8533aff1d6e09920a1d6,/Users/kevin/local-repos/ConcIR/experiments/pilot-v2/results/batches/pilot-v2/raw/p2_cross_independent__main__a__r1/attempt-001/artifact.json,
repair,pilot,p2_cross_independent,two_defects,main,a,2,no_acceptable_candidate,no_acceptable_candidate,complete,no-acceptable-candidate,,False,FAIL,4,5,5,0,9927,,5,0,0,1,235,235,0,279,True,5989a10c35f835eebc53797f6fbe49eec008146bc1cd8533aff1d6e09920a1d6,/Users/kevin/local-repos/ConcIR/experiments/pilot-v2/results/batches/pilot-v2/raw/p2_cross_independent__main__a__r2/attempt-001/artifact.json,
repair,pilot,p2_cross_independent,two_defects,main,a,3,no_acceptable_candidate,no_acceptable_candidate,complete,no-acceptable-candidate,,False,FAIL,4,5,5,0,9927,,5,0,0,1,235,235,0,280,True,5989a10c35f835eebc53797f6fbe49eec008146bc1cd8533aff1d6e09920a1d6,/Users/kevin/local-repos/ConcIR/experiments/pilot-v2/results/batches/pilot-v2/raw/p2_cross_independent__main__a__r3/attempt-001/artifact.json,
repair,pilot,p2_cross_independent,two_defects,main,b,1,repaired,repaired,complete,solved,,False,FAIL,7,7,7,1,13445,,7,2,2,0,311,311,0,394,True,14e8d4a7ebc019f7406682850bb040d92deacc8587518e15433efdb6de798d53,/Users/kevin/local-repos/ConcIR/experiments/pilot-v2/results/batches/pilot-v2/raw/p2_cross_independent__main__b__r1/attempt-001/artifact.json,
repair,pilot,p2_cross_independent,two_defects,main,b,2,repaired,repaired,complete,solved,,False,FAIL,7,7,7,1,13445,,7,2,2,0,312,312,0,416,True,14e8d4a7ebc019f7406682850bb040d92deacc8587518e15433efdb6de798d53,/Users/kevin/local-repos/ConcIR/experiments/pilot-v2/results/batches/pilot-v2/raw/p2_cross_independent__main__b__r2/attempt-001/artifact.json,
repair,pilot,p2_cross_independent,two_defects,main,b,3,repaired,repaired,complete,solved,,False,FAIL,7,7,7,1,13445,,7,2,2,0,311,311,0,395,True,14e8d4a7ebc019f7406682850bb040d92deacc8587518e15433efdb6de798d53,/Users/kevin/local-repos/ConcIR/experiments/pilot-v2/results/batches/pilot-v2/raw/p2_cross_independent__main__b__r3/attempt-001/artifact.json,
repair,pilot,p2_cross_independent,two_defects,main,c,1,repaired,repaired,complete,solved,,False,FAIL,5,6,6,0,11610,,6,2,2,0,270,270,0,353,True,e11f6880e08ef0bf4472fb08b9989860c5eb938816b744a29817dfa0f9d06b95,/Users/kevin/local-repos/ConcIR/experiments/pilot-v2/results/batches/pilot-v2/raw/p2_cross_independent__main__c__r1/attempt-001/artifact.json,
repair,pilot,p2_cross_independent,two_defects,main,c,2,repaired,repaired,complete,solved,,False,FAIL,5,6,6,0,11610,,6,2,2,0,273,273,0,357,True,e11f6880e08ef0bf4472fb08b9989860c5eb938816b744a29817dfa0f9d06b95,/Users/kevin/local-repos/ConcIR/experiments/pilot-v2/results/batches/pilot-v2/raw/p2_cross_independent__main__c__r2/attempt-001/artifact.json,
repair,pilot,p2_cross_independent,two_defects,main,c,3,repaired,repaired,complete,solved,,False,FAIL,5,6,6,0,11610,,6,2,2,0,273,273,0,353,True,e11f6880e08ef0bf4472fb08b9989860c5eb938816b744a29817dfa0f9d06b95,/Users/kevin/local-repos/ConcIR/experiments/pilot-v2/results/batches/pilot-v2/raw/p2_cross_independent__main__c__r3/attempt-001/artifact.json,
repair,pilot,p2_cross_independent,two_defects,tight,a,1,budget_exhausted,budget_exhausted,complete,verification-budget,,False,FAIL,4,4,4,0,7998,,4,0,0,1,192,192,0,235,True,eb1b2d9f6dcaf8d4b88c96093ed50510ea7ab9b58cd7fa769df24641d753b0e4,/Users/kevin/local-repos/ConcIR/experiments/pilot-v2/results/batches/pilot-v2/raw/p2_cross_independent__tight__a__r1/attempt-001/artifact.json,
repair,pilot,p2_cross_independent,two_defects,tight,b,1,budget_exhausted,budget_exhausted,complete,verification-budget,,False,FAIL,4,4,4,0,7998,,4,0,0,1,191,191,0,237,True,d28fe9795a50f942cefd1129d32d3420cb3d534907ef1d79784104226452b761,/Users/kevin/local-repos/ConcIR/experiments/pilot-v2/results/batches/pilot-v2/raw/p2_cross_independent__tight__b__r1/attempt-001/artifact.json,
repair,pilot,p2_cross_independent,two_defects,tight,c,1,budget_exhausted,budget_exhausted,complete,verification-budget,,False,FAIL,4,4,4,0,7998,,4,0,0,1,195,195,0,236,True,a090e9def143a062f23b3146428859a63e2d7810c5ec9c7689af204ece6fdfa7,/Users/kevin/local-repos/ConcIR/experiments/pilot-v2/results/batches/pilot-v2/raw/p2_cross_independent__tight__c__r1/attempt-001/artifact.json,
repair,pilot,p2_cross_shared,two_defects,main,a,1,no_acceptable_candidate,no_acceptable_candidate,complete,no-acceptable-candidate,,False,FAIL,4,5,5,0,9927,,5,0,0,1,239,239,0,282,True,d0fc4a4de9203509f4387a2f8635943626e28548c44d73926858636c65e8c190,/Users/kevin/local-repos/ConcIR/experiments/pilot-v2/results/batches/pilot-v2/raw/p2_cross_shared__main__a__r1/attempt-001/artifact.json,
repair,pilot,p2_cross_shared,two_defects,main,a,2,no_acceptable_candidate,no_acceptable_candidate,complete,no-acceptable-candidate,,False,FAIL,4,5,5,0,9927,,5,0,0,1,237,237,0,282,True,d0fc4a4de9203509f4387a2f8635943626e28548c44d73926858636c65e8c190,/Users/kevin/local-repos/ConcIR/experiments/pilot-v2/results/batches/pilot-v2/raw/p2_cross_shared__main__a__r2/attempt-001/artifact.json,
repair,pilot,p2_cross_shared,two_defects,main,a,3,no_acceptable_candidate,no_acceptable_candidate,complete,no-acceptable-candidate,,False,FAIL,4,5,5,0,9927,,5,0,0,1,237,237,0,282,True,d0fc4a4de9203509f4387a2f8635943626e28548c44d73926858636c65e8c190,/Users/kevin/local-repos/ConcIR/experiments/pilot-v2/results/batches/pilot-v2/raw/p2_cross_shared__main__a__r3/attempt-001/artifact.json,
repair,pilot,p2_cross_shared,two_defects,main,b,1,repaired,repaired,complete,solved,,False,FAIL,6,6,6,1,11610,,6,2,2,0,277,277,0,356,True,0cfcf9c2de6d6017cdd8a907c903ab1f647de8eb24f258f00203e25c1ca1ff96,/Users/kevin/local-repos/ConcIR/experiments/pilot-v2/results/batches/pilot-v2/raw/p2_cross_shared__main__b__r1/attempt-001/artifact.json,
repair,pilot,p2_cross_shared,two_defects,main,b,2,repaired,repaired,complete,solved,,False,FAIL,6,6,6,1,11610,,6,2,2,0,296,296,0,356,True,0cfcf9c2de6d6017cdd8a907c903ab1f647de8eb24f258f00203e25c1ca1ff96,/Users/kevin/local-repos/ConcIR/experiments/pilot-v2/results/batches/pilot-v2/raw/p2_cross_shared__main__b__r2/attempt-001/artifact.json,
repair,pilot,p2_cross_shared,two_defects,main,b,3,repaired,repaired,complete,solved,,False,FAIL,6,6,6,1,11610,,6,2,2,0,276,276,0,356,True,0cfcf9c2de6d6017cdd8a907c903ab1f647de8eb24f258f00203e25c1ca1ff96,/Users/kevin/local-repos/ConcIR/experiments/pilot-v2/results/batches/pilot-v2/raw/p2_cross_shared__main__b__r3/attempt-001/artifact.json,
repair,pilot,p2_cross_shared,two_defects,main,c,1,repaired,repaired,complete,solved,,False,FAIL,5,6,6,0,11610,,6,2,2,0,273,273,0,365,True,0975e7c10802675bdbf7b9f5f41840399f5238fddb791ba2e7ee2f1a250b2c8c,/Users/kevin/local-repos/ConcIR/experiments/pilot-v2/results/batches/pilot-v2/raw/p2_cross_shared__main__c__r1/attempt-001/artifact.json,
repair,pilot,p2_cross_shared,two_defects,main,c,2,repaired,repaired,complete,solved,,False,FAIL,5,6,6,0,11610,,6,2,2,0,272,272,0,356,True,0975e7c10802675bdbf7b9f5f41840399f5238fddb791ba2e7ee2f1a250b2c8c,/Users/kevin/local-repos/ConcIR/experiments/pilot-v2/results/batches/pilot-v2/raw/p2_cross_shared__main__c__r2/attempt-001/artifact.json,
repair,pilot,p2_cross_shared,two_defects,main,c,3,repaired,repaired,complete,solved,,False,FAIL,5,6,6,0,11610,,6,2,2,0,276,276,0,358,True,0975e7c10802675bdbf7b9f5f41840399f5238fddb791ba2e7ee2f1a250b2c8c,/Users/kevin/local-repos/ConcIR/experiments/pilot-v2/results/batches/pilot-v2/raw/p2_cross_shared__main__c__r3/attempt-001/artifact.json,
repair,pilot,p2_cross_shared,two_defects,tight,a,1,budget_exhausted,budget_exhausted,complete,verification-budget,,False,FAIL,4,4,4,0,7998,,4,0,0,1,193,193,0,239,True,93fb1e3ce95702df193af90f7b58acf1df7ea28a29576855253c3869043870c1,/Users/kevin/local-repos/ConcIR/experiments/pilot-v2/results/batches/pilot-v2/raw/p2_cross_shared__tight__a__r1/attempt-001/artifact.json,
repair,pilot,p2_cross_shared,two_defects,tight,b,1,budget_exhausted,budget_exhausted,complete,verification-budget,,False,FAIL,4,4,4,0,7998,,4,0,0,1,194,194,0,238,True,2dea639aa3f6b5a808e8cfd24a5db6ba8746e8933c30d6aa5c29e7f90a64afec,/Users/kevin/local-repos/ConcIR/experiments/pilot-v2/results/batches/pilot-v2/raw/p2_cross_shared__tight__b__r1/attempt-001/artifact.json,
repair,pilot,p2_cross_shared,two_defects,tight,c,1,budget_exhausted,budget_exhausted,complete,verification-budget,,False,FAIL,4,4,4,0,7998,,4,0,0,1,194,194,0,241,True,e08a1ff31118a84fd254c09d34ce6744ac8df308026d4a126c4c8a698362b43b,/Users/kevin/local-repos/ConcIR/experiments/pilot-v2/results/batches/pilot-v2/raw/p2_cross_shared__tight__c__r1/attempt-001/artifact.json,
repair,pilot,p2_interf,interference,main,a,1,no_acceptable_candidate,no_acceptable_candidate,complete,no-acceptable-candidate,,False,FAIL,5,6,6,0,72768,,6,0,0,1,2492,2492,0,2942,True,b5756be0ff4a361b3a3e6a29ec49a53223614fd05ef7e973677c866f5ad0d167,/Users/kevin/local-repos/ConcIR/experiments/pilot-v2/results/batches/pilot-v2/raw/p2_interf__main__a__r1/attempt-001/artifact.json,
repair,pilot,p2_interf,interference,main,a,2,no_acceptable_candidate,no_acceptable_candidate,complete,no-acceptable-candidate,,False,FAIL,5,6,6,0,72768,,6,0,0,1,2468,2468,0,2891,True,b5756be0ff4a361b3a3e6a29ec49a53223614fd05ef7e973677c866f5ad0d167,/Users/kevin/local-repos/ConcIR/experiments/pilot-v2/results/batches/pilot-v2/raw/p2_interf__main__a__r2/attempt-001/artifact.json,
repair,pilot,p2_interf,interference,main,a,3,no_acceptable_candidate,no_acceptable_candidate,complete,no-acceptable-candidate,,False,FAIL,5,6,6,0,72768,,6,0,0,1,2459,2459,0,2900,True,b5756be0ff4a361b3a3e6a29ec49a53223614fd05ef7e973677c866f5ad0d167,/Users/kevin/local-repos/ConcIR/experiments/pilot-v2/results/batches/pilot-v2/raw/p2_interf__main__a__r3/attempt-001/artifact.json,
repair,pilot,p2_interf,interference,main,b,1,repaired,repaired,complete,solved,,False,FAIL,8,8,8,1,93856,,8,2,2,0,3178,3178,0,3956,True,1d3a199164805dfd6a60e96f1e5bfa2cfe018c2ddcd50eaf3ec428a95797fac2,/Users/kevin/local-repos/ConcIR/experiments/pilot-v2/results/batches/pilot-v2/raw/p2_interf__main__b__r1/attempt-001/artifact.json,
repair,pilot,p2_interf,interference,main,b,2,repaired,repaired,complete,solved,,False,FAIL,8,8,8,1,93856,,8,2,2,0,3150,3150,0,3967,True,1d3a199164805dfd6a60e96f1e5bfa2cfe018c2ddcd50eaf3ec428a95797fac2,/Users/kevin/local-repos/ConcIR/experiments/pilot-v2/results/batches/pilot-v2/raw/p2_interf__main__b__r2/attempt-001/artifact.json,
repair,pilot,p2_interf,interference,main,b,3,repaired,repaired,complete,solved,,False,FAIL,8,8,8,1,93856,,8,2,2,0,3150,3150,0,3921,True,1d3a199164805dfd6a60e96f1e5bfa2cfe018c2ddcd50eaf3ec428a95797fac2,/Users/kevin/local-repos/ConcIR/experiments/pilot-v2/results/batches/pilot-v2/raw/p2_interf__main__b__r3/attempt-001/artifact.json,
repair,pilot,p2_interf,interference,main,c,1,repaired,repaired,complete,solved,,False,FAIL,5,6,6,0,69600,,6,2,2,0,2351,2351,0,3149,True,4377bbb6d21ee3c83e759c291507e98071c2c23c9379f25a3ee238eb55b948f8,/Users/kevin/local-repos/ConcIR/experiments/pilot-v2/results/batches/pilot-v2/raw/p2_interf__main__c__r1/attempt-001/artifact.json,
repair,pilot,p2_interf,interference,main,c,2,repaired,repaired,complete,solved,,False,FAIL,5,6,6,0,69600,,6,2,2,0,2367,2367,0,3138,True,4377bbb6d21ee3c83e759c291507e98071c2c23c9379f25a3ee238eb55b948f8,/Users/kevin/local-repos/ConcIR/experiments/pilot-v2/results/batches/pilot-v2/raw/p2_interf__main__c__r2/attempt-001/artifact.json,
repair,pilot,p2_interf,interference,main,c,3,repaired,repaired,complete,solved,,False,FAIL,5,6,6,0,69600,,6,2,2,0,2357,2357,0,3132,True,4377bbb6d21ee3c83e759c291507e98071c2c23c9379f25a3ee238eb55b948f8,/Users/kevin/local-repos/ConcIR/experiments/pilot-v2/results/batches/pilot-v2/raw/p2_interf__main__c__r3/attempt-001/artifact.json,
repair,pilot,p2_interf,interference,tight,a,1,budget_exhausted,budget_exhausted,complete,verification-budget,,False,FAIL,4,4,4,0,47948,,4,0,0,1,1628,1628,0,2084,True,dc77532e6a6ac92977557c14d15309c216e9c889cfb69e9f42ae784bc68f9405,/Users/kevin/local-repos/ConcIR/experiments/pilot-v2/results/batches/pilot-v2/raw/p2_interf__tight__a__r1/attempt-001/artifact.json,
repair,pilot,p2_interf,interference,tight,b,1,budget_exhausted,budget_exhausted,complete,verification-budget,,False,FAIL,4,4,4,0,47948,,4,0,0,1,1631,1631,0,2097,True,bbbedbf1b6c4cc8cef90878e693e4d82b0e9ea36b30c2cb38f8c36778d39c146,/Users/kevin/local-repos/ConcIR/experiments/pilot-v2/results/batches/pilot-v2/raw/p2_interf__tight__b__r1/attempt-001/artifact.json,
repair,pilot,p2_interf,interference,tight,c,1,budget_exhausted,budget_exhausted,complete,verification-budget,,False,FAIL,4,4,4,0,47948,,4,0,0,1,1632,1632,0,2079,True,54392dbb15bb5f80dfe9a4289e8ef938be714432415869f0042b4d7fa85a9ef6,/Users/kevin/local-repos/ConcIR/experiments/pilot-v2/results/batches/pilot-v2/raw/p2_interf__tight__c__r1/attempt-001/artifact.json,
repair,pilot,p2_same,two_defects,main,a,1,no_acceptable_candidate,no_acceptable_candidate,complete,no-acceptable-candidate,,False,FAIL,4,5,5,0,9927,,5,0,0,1,237,237,0,279,True,9a5877bb70cbab34805c379d6934a8a786d35de5c30558591aa48d56fbfa5c50,/Users/kevin/local-repos/ConcIR/experiments/pilot-v2/results/batches/pilot-v2/raw/p2_same__main__a__r1/attempt-001/artifact.json,
repair,pilot,p2_same,two_defects,main,a,2,no_acceptable_candidate,no_acceptable_candidate,complete,no-acceptable-candidate,,False,FAIL,4,5,5,0,9927,,5,0,0,1,234,234,0,280,True,9a5877bb70cbab34805c379d6934a8a786d35de5c30558591aa48d56fbfa5c50,/Users/kevin/local-repos/ConcIR/experiments/pilot-v2/results/batches/pilot-v2/raw/p2_same__main__a__r2/attempt-001/artifact.json,
repair,pilot,p2_same,two_defects,main,a,3,no_acceptable_candidate,no_acceptable_candidate,complete,no-acceptable-candidate,,False,FAIL,4,5,5,0,9927,,5,0,0,1,236,236,0,284,True,9a5877bb70cbab34805c379d6934a8a786d35de5c30558591aa48d56fbfa5c50,/Users/kevin/local-repos/ConcIR/experiments/pilot-v2/results/batches/pilot-v2/raw/p2_same__main__a__r3/attempt-001/artifact.json,
repair,pilot,p2_same,two_defects,main,b,1,repaired,repaired,complete,solved,,False,FAIL,7,7,7,1,13445,,7,2,2,0,313,313,0,397,True,364c865244179b896d7e5ea64650cce928239da6a7f0ad18be323bd9c3ffe9aa,/Users/kevin/local-repos/ConcIR/experiments/pilot-v2/results/batches/pilot-v2/raw/p2_same__main__b__r1/attempt-001/artifact.json,
repair,pilot,p2_same,two_defects,main,b,2,repaired,repaired,complete,solved,,False,FAIL,7,7,7,1,13445,,7,2,2,0,313,313,0,418,True,364c865244179b896d7e5ea64650cce928239da6a7f0ad18be323bd9c3ffe9aa,/Users/kevin/local-repos/ConcIR/experiments/pilot-v2/results/batches/pilot-v2/raw/p2_same__main__b__r2/attempt-001/artifact.json,
repair,pilot,p2_same,two_defects,main,b,3,repaired,repaired,complete,solved,,False,FAIL,7,7,7,1,13445,,7,2,2,0,313,313,0,399,True,364c865244179b896d7e5ea64650cce928239da6a7f0ad18be323bd9c3ffe9aa,/Users/kevin/local-repos/ConcIR/experiments/pilot-v2/results/batches/pilot-v2/raw/p2_same__main__b__r3/attempt-001/artifact.json,
repair,pilot,p2_same,two_defects,main,c,1,repaired,repaired,complete,solved,,False,FAIL,5,6,6,0,11610,,6,2,2,0,271,271,0,352,True,624ee451d07526cdb35dc97ec97199b0c6f79184feed98653a95356632ca40b8,/Users/kevin/local-repos/ConcIR/experiments/pilot-v2/results/batches/pilot-v2/raw/p2_same__main__c__r1/attempt-001/artifact.json,
repair,pilot,p2_same,two_defects,main,c,2,repaired,repaired,complete,solved,,False,FAIL,5,6,6,0,11610,,6,2,2,0,271,271,0,381,True,624ee451d07526cdb35dc97ec97199b0c6f79184feed98653a95356632ca40b8,/Users/kevin/local-repos/ConcIR/experiments/pilot-v2/results/batches/pilot-v2/raw/p2_same__main__c__r2/attempt-001/artifact.json,
repair,pilot,p2_same,two_defects,main,c,3,repaired,repaired,complete,solved,,False,FAIL,5,6,6,0,11610,,6,2,2,0,274,274,0,361,True,624ee451d07526cdb35dc97ec97199b0c6f79184feed98653a95356632ca40b8,/Users/kevin/local-repos/ConcIR/experiments/pilot-v2/results/batches/pilot-v2/raw/p2_same__main__c__r3/attempt-001/artifact.json,
repair,pilot,p2_same,two_defects,tight,a,1,budget_exhausted,budget_exhausted,complete,verification-budget,,False,FAIL,4,4,4,0,7998,,4,0,0,1,193,193,0,237,True,fe89adf374275690d058daeb33e586342199d2b8d5d3fc143f5b3c72bd0e4bde,/Users/kevin/local-repos/ConcIR/experiments/pilot-v2/results/batches/pilot-v2/raw/p2_same__tight__a__r1/attempt-001/artifact.json,
repair,pilot,p2_same,two_defects,tight,b,1,budget_exhausted,budget_exhausted,complete,verification-budget,,False,FAIL,4,4,4,0,7998,,4,0,0,1,192,192,0,237,True,dba7f55978cdca8d5bef4faaf6b631d995b3f47fe1a0134e2ca90814b857b784,/Users/kevin/local-repos/ConcIR/experiments/pilot-v2/results/batches/pilot-v2/raw/p2_same__tight__b__r1/attempt-001/artifact.json,
repair,pilot,p2_same,two_defects,tight,c,1,budget_exhausted,budget_exhausted,complete,verification-budget,,False,FAIL,4,4,4,0,7998,,4,0,0,1,192,192,0,240,True,3321a9de929e3e38b8341fca4f0a8f8e07bda7979fbb77bb00da5b1e372061a5,/Users/kevin/local-repos/ConcIR/experiments/pilot-v2/results/batches/pilot-v2/raw/p2_same__tight__c__r1/attempt-001/artifact.json,
repair,pilot,p3_cross_independent,three_defects,main,a,1,no_acceptable_candidate,no_acceptable_candidate,complete,no-acceptable-candidate,,False,FAIL,6,7,7,0,647251,,7,0,0,1,28112,28112,0,32621,True,3c9b78d4646b6f53717e45a1283009e03aa983dbe5e0e8eb6da818cced8c3028,/Users/kevin/local-repos/ConcIR/experiments/pilot-v2/results/batches/pilot-v2/raw/p3_cross_independent__main__a__r1/attempt-001/artifact.json,
repair,pilot,p3_cross_independent,three_defects,main,b,1,,search_timeout,search_timeout,,,,,,,,,,,,,0,-9,30014,30014,,,,,/Users/kevin/local-repos/ConcIR/experiments/pilot-v2/results/batches/pilot-v2/raw/p3_cross_independent__main__b__r1/attempt-001/artifact.json,
repair,pilot,p3_cross_independent,three_defects,main,c,1,,search_timeout,search_timeout,,,,,,,,,,,,,0,-9,30015,30015,,,,,/Users/kevin/local-repos/ConcIR/experiments/pilot-v2/results/batches/pilot-v2/raw/p3_cross_independent__main__c__r1/attempt-001/artifact.json,
repair,pilot,p3_cross_independent,three_defects,tight,a,1,budget_exhausted,budget_exhausted,complete,verification-budget,,False,FAIL,4,4,4,0,375538,,4,0,0,1,16398,16398,0,20831,True,b2344fad264c7cba66e3ab2843a425d7d9ecebbcbed9ecc6cd676f68b3fa320a,/Users/kevin/local-repos/ConcIR/experiments/pilot-v2/results/batches/pilot-v2/raw/p3_cross_independent__tight__a__r1/attempt-001/artifact.json,
repair,pilot,p3_cross_independent,three_defects,tight,b,1,budget_exhausted,budget_exhausted,complete,verification-budget,,False,FAIL,4,4,4,0,375538,,4,0,0,1,16391,16391,0,20942,True,12c63fa398a89d8ac244d950762848f1bcd75fe1c608ca4391c8dc7bc0605cd2,/Users/kevin/local-repos/ConcIR/experiments/pilot-v2/results/batches/pilot-v2/raw/p3_cross_independent__tight__b__r1/attempt-001/artifact.json,
repair,pilot,p3_cross_independent,three_defects,tight,c,1,budget_exhausted,budget_exhausted,complete,verification-budget,,False,FAIL,4,4,4,0,375538,,4,0,0,1,16419,16419,0,20922,True,f1b381eff2a595e7cf810a52a76edbd28bc5795a88e6ad18a9e50632019b6e67,/Users/kevin/local-repos/ConcIR/experiments/pilot-v2/results/batches/pilot-v2/raw/p3_cross_independent__tight__c__r1/attempt-001/artifact.json,
repair,pilot,p3_same,three_defects,main,a,1,no_acceptable_candidate,no_acceptable_candidate,complete,no-acceptable-candidate,,False,FAIL,6,7,7,0,647251,,7,0,0,1,28017,28017,0,32875,True,5b3a6b502a80bf514196a8169cc73f70622ea7979c8935e49072753702d3154f,/Users/kevin/local-repos/ConcIR/experiments/pilot-v2/results/batches/pilot-v2/raw/p3_same__main__a__r1/attempt-001/artifact.json,
repair,pilot,p3_same,three_defects,main,b,1,,search_timeout,search_timeout,,,,,,,,,,,,,0,-9,30015,30015,,,,,/Users/kevin/local-repos/ConcIR/experiments/pilot-v2/results/batches/pilot-v2/raw/p3_same__main__b__r1/attempt-001/artifact.json,
repair,pilot,p3_same,three_defects,main,c,1,,search_timeout,search_timeout,,,,,,,,,,,,,0,-9,30016,30016,,,,,/Users/kevin/local-repos/ConcIR/experiments/pilot-v2/results/batches/pilot-v2/raw/p3_same__main__c__r1/attempt-001/artifact.json,
repair,pilot,p3_same,three_defects,tight,a,1,budget_exhausted,budget_exhausted,complete,verification-budget,,False,FAIL,4,4,4,0,375538,,4,0,0,1,16418,16418,0,20916,True,cb2ee5bfd01d57c0121d5a366c275fd8216063448edf212ab56f8c06917ba6e3,/Users/kevin/local-repos/ConcIR/experiments/pilot-v2/results/batches/pilot-v2/raw/p3_same__tight__a__r1/attempt-001/artifact.json,
repair,pilot,p3_same,three_defects,tight,b,1,budget_exhausted,budget_exhausted,complete,verification-budget,,False,FAIL,4,4,4,0,375538,,4,0,0,1,16373,16373,0,20945,True,9739cbefac1d7aaf1c9262d47028115684b50bd5d3e1ceb52fca66570165a559,/Users/kevin/local-repos/ConcIR/experiments/pilot-v2/results/batches/pilot-v2/raw/p3_same__tight__b__r1/attempt-001/artifact.json,
repair,pilot,p3_same,three_defects,tight,c,1,budget_exhausted,budget_exhausted,complete,verification-budget,,False,FAIL,4,4,4,0,375538,,4,0,0,1,16395,16395,0,20920,True,0d1e49f8c4ea7cbc6113c4286ec4309daa1700b4736d230a02599edabddec951,/Users/kevin/local-repos/ConcIR/experiments/pilot-v2/results/batches/pilot-v2/raw/p3_same__tight__c__r1/attempt-001/artifact.json,
